slide_id,deck_name,slide_order,slide_title,body_text,visual_type,image_filename,chart_data_summary,target_length_seconds,key_visual_point,prepared_date
slide-01,Canva Create Demo Deck,1,Sales Momentum This Season,Revenue up across all regions | Pro upgrades drove the February jump | Team grew to 12,line_chart,slide-01_sales_line.png,Monthly template marketplace sales held near $40k from October to January and then jumped to $82k in February.,30,Sales doubled in February after holding flat for four months.,2025-02-12
slide-02,Canva Create Demo Deck,2,Where Our New Users Come From,Mobile signups now lead desktop | Referrals doubled year on year,pie_chart,slide-02_user_sources_pie.png,"Pie chart of February signup sources: mobile app 55%, desktop web 30%, referral links 15%.",20,Mobile is now the biggest source of new users at more than half of all signups.,2025-02-14
slide-03,Canva Create Demo Deck,3,Designing Together in Real Time,Live cursors for every collaborator | Comments without leaving the canvas,photo,slide-03_live_collab_photo.png,"Photo of four designers standing around a large wall screen showing one shared Canva whiteboard, each person's coloured cursor moving on the same poster draft.",15,Several people are editing the same design at the same moment.,2025-02-17
slide-04,Canva Create Demo Deck,4,Presentations Usage Keeps Climbing,Record engagement across the deck editor | More teams presenting than ever,bar_chart,slide-04_active_presenters_bar.png,"Bar chart of weekly active presenters in thousands: 410 in November, 395 in December, 360 in January and 338 in February, with each month lower than the one before.",30,Weekly active presenters fell every month from November to February even though the headline says usage is climbing.,2025-02-20
slide-05,Canva Create Demo Deck,5,How Magic Design Builds a Slide,Upload your content | Pick a style | Get a finished deck,diagram,slide-05_magic_design_flow_diagram.png,"Flow diagram with four boxes from left to right: user prompt, layout engine, brand kit check, finished slide. A loop arrow runs from finished slide back to layout engine for edits.",45,Edits loop back to the layout engine instead of starting the slide over.,2025-02-24
slide-06,Canva Create Demo Deck,6,Time to First Published Design,New onboarding checklist live since January | Fewer steps before first share,line_chart,slide-06_time_to_publish_line.png,Line chart of median minutes from signup to first published design falling steadily from 18 minutes in October to 7 minutes in February.,20,New users now publish their first design in well under half the time they used to.,2025-02-27
slide-07,Small Business Growth Q1,1,Meet the Bakery Behind the Rebrand,Harbour Street Bakery in Newtown | Three staff and one shared Canva team,photo,slide-07_bakery_storefront_photo.png,Photo of a small bakery shopfront with a new chalkboard menu and matching printed flyers in the window in the same teal and cream brand colours.,15,The shop's menu board and flyers now share one consistent brand look.,2025-03-03
slide-08,Small Business Growth Q1,2,Social Posts That Drive Orders,Instagram leads the channel mix | Short video posts outperform stills,bar_chart,slide-08_orders_by_post_bar.png,"Bar chart of February online orders by post type: short video 312, carousel 148, single image 96.",30,Short video posts brought in more orders than the other two formats combined.,2025-03-04
slide-09,Small Business Growth Q1,3,From Design to Doorstep,Design once in Canva | Printed and delivered in under a week,diagram,slide-09_print_timeline_diagram.png,"Timeline diagram with four stages: design approved on day 1, print proof on day 2, print run on days 3 to 5, delivered on day 6. The print run is drawn as the longest bar.",45,The print run is the longest step in the six-day process.,2025-03-06
slide-10,Small Business Growth Q1,4,Customers Finding Us on Market Day,Pop-up stall at Carriageworks Farmers Market | QR code links to the online menu,photo,slide-10_market_stall_photo.png,"Photo of a busy market stall with a queue of customers, one holding a phone up to scan a QR code printed on a Canva-designed banner.",20,Customers are scanning the banner's QR code to reach the online menu.,2025-03-07